Booking_ID,no_of_adults,no_of_children,no_of_weekend_nights,no_of_week_nights,type_of_meal_plan,required_car_parking_space,room_type_reserved,arrival_year,arrival_month,arrival_date,avg_price_per_room
INN00001,2,0,1,2,Meal Plan 1,0,Room_Type 1,2017,10,2,65.0
INN00002,2,0,2,3,Not Selected,0,Room_Type 1,2018,11,6,106.68
INN00003,1,0,2,1,Meal Plan 1,0,Room_Type 1,2018,2,28,60.0
INN00004,2,0,0,2,Meal Plan 1,0,Room_Type 1,2018,5,20,100.0
INN00005,2,0,1,1,Not Selected,0,Room_Type 1,2018,4,11,94.5
INN00006,2,0,0,2,Meal Plan 2,0,Room_Type 1,2018,9,13,115.0
INN00007,2,0,1,3,Meal Plan 1,0,Room_Type 1,2017,10,15,107.55
INN00008,2,0,1,3,Meal Plan 1,0,Room_Type 4,2018,12,26,105.61
INN00009,3,0,0,4,Meal Plan 1,0,Room_Type 1,2018,7,6,96.9
INN00010,2,0,0,5,Meal Plan 1,0,Room_Type 4,2018,10,18,133.44
INN00011,1,0,1,0,Not Selected,0,Room_Type 1,2018,9,11,85.03
INN00012,1,0,2,1,Meal Plan 1,0,Room_Type 4,2018,4,30,140.4
INN00013,2,0,2,1,Not Selected,0,Room_Type 1,2018,11,26,88.0
INN00014,1,0,2,0,Meal Plan 1,0,Room_Type 1,2018,11,20,90.0
INN00015,2,0,0,2,Meal Plan 1,0,Room_Type 1,2017,10,20,94.5
INN00016,2,0,0,2,Meal Plan 2,0,Room_Type 1,2018,6,15,115.0
INN00017,1,0,1,0,Meal Plan 1,0,Room_Type 1,2017,10,5,96.0
INN00018,2,0,1,3,Not Selected,0,Room_Type 1,2017,8,10,96.0
INN00019,2,0,2,2,Meal Plan 1,0,Room_Type 1,2017,10,30,65.0
INN00020,2,0,1,0,Meal Plan 1,0,Room_Type 1,2017,10,4,72.0
INN00021,2,0,2,2,Meal Plan 1,0,Room_Type 1,2017,10,30,65.0
INN00022,1,0,0,1,Meal Plan 1,0,Room_Type 1,2018,11,25,67.0
INN00023,2,0,2,4,Meal Plan 1,0,Room_Type 1,2018,3,20,85.0
INN00024,2,0,0,3,Meal Plan 1,0,Room_Type 1,2018,10,13,105.0
INN00025,2,0,2,1,Not Selected,0,Room_Type 1,2018,5,22,94.5
INN00026,2,0,0,2,Meal Plan 1,0,Room_Type 1,2018,4,28,114.3
INN00027,2,0,1,1,Meal Plan 1,0,Room_Type 1,2017,9,21,65.0
INN00028,1,0,0,2,Meal Plan 1,0,Room_Type 4,2018,5,19,110.0
INN00029,1,0,1,2,Meal Plan 1,0,Room_Type 1,2017,11,6,37.33
INN00030,2,0,0,2,Meal Plan 2,0,Room_Type 1,2017,9,17,82.0
INN00031,2,0,1,1,Meal Plan 1,0,Room_Type 4,2017,9,19,177.5
INN00032,2,0,2,2,Meal Plan 1,0,Room_Type 1,2018,11,13,87.5
INN00033,0,2,0,3,Meal Plan 1,0,Room_Type 2,2018,12,7,82.44
INN00034,2,0,0,1,Not Selected,0,Room_Type 1,2018,1,9,69.5
INN00035,2,0,0,2,Meal Plan 1,0,Room_Type 1,2018,10,7,85.5
INN00036,2,0,0,1,Not Selected,1,Room_Type 1,2018,4,27,115.0
INN00037,1,0,2,1,Meal Plan 1,0,Room_Type 1,2018,6,19,81.0
INN00038,2,0,0,1,Meal Plan 1,0,Room_Type 1,2017,10,17,67.0
INN00039,2,0,2,3,Not Selected,0,Room_Type 1,2018,11,19,63.75
INN00040,2,0,2,1,Meal Plan 1,0,Room_Type 4,2018,7,30,121.8
INN00041,2,0,0,4,Meal Plan 1,0,Room_Type 1,2018,11,1,93.6
INN00042,2,0,0,2,Meal Plan 1,0,Room_Type 1,2018,6,21,102.0
INN00043,3,0,2,1,Meal Plan 1,0,Room_Type 1,2018,4,10,121.8
INN00044,2,0,1,1,Not Selected,0,Room_Type 1,2018,6,27,98.1
INN00045,2,0,0,4,Meal Plan 1,0,Room_Type 4,2017,11,18,60.0
INN00046,2,0,0,3,Meal Plan 1,0,Room_Type 1,2017,12,29,75.0
INN00047,1,0,0,2,Meal Plan 1,0,Room_Type 1,2017,11,20,73.0
INN00048,2,0,0,1,Meal Plan 2,0,Room_Type 1,2018,4,6,104.0
INN00049,2,0,0,4,Not Selected,0,Room_Type 1,2018,11,1,79.2
INN00050,1,0,1,3,Meal Plan 1,0,Room_Type 4,2018,12,29,125.8
INN00051,1,0,2,5,Not Selected,0,Room_Type 1,2018,5,30,87.95
INN00052,2,0,2,2,Meal Plan 2,0,Room_Type 1,2018,4,22,106.0
INN00053,1,0,1,2,Meal Plan 1,0,Room_Type 1,2018,5,16,136.67
INN00054,2,0,0,4,Meal Plan 1,0,Room_Type 4,2017,11,11,60.0
INN00055,2,0,1,0,Not Selected,0,Room_Type 1,2018,6,13,89.0
INN00056,2,0,1,3,Meal Plan 1,0,Room_Type 1,2018,5,19,136.0
INN00057,2,0,0,1,Not Selected,0,Room_Type 1,2018,7,28,94.5
INN00058,2,0,1,2,Meal Plan 1,0,Room_Type 1,2018,12,26,93.6
INN00059,2,0,1,4,Meal Plan 1,0,Room_Type 4,2018,4,20,120.6
INN00060,2,0,0,3,Meal Plan 1,0,Room_Type 4,2018,4,6,99.3
INN00061,2,2,0,1,Meal Plan 1,1,Room_Type 6,2018,9,2,258.0
INN00062,1,0,0,3,Meal Plan 1,0,Room_Type 4,2018,5,3,120.12
INN00063,1,0,0,2,Meal Plan 1,0,Room_Type 1,2018,6,24,95.0
INN00064,1,0,0,1,Meal Plan 1,0,Room_Type 1,2017,9,10,0.0
INN00065,2,0,2,1,Meal Plan 1,0,Room_Type 1,2018,12,18,75.0
INN00066,2,0,0,3,Meal Plan 1,0,Room_Type 4,2018,10,5,157.5
INN00067,2,0,0,2,Meal Plan 1,0,Room_Type 4,2018,6,3,97.7
INN00068,2,0,0,2,Meal Plan 1,0,Room_Type 4,2018,4,15,142.0
INN00069,2,0,0,1,Meal Plan 1,0,Room_Type 1,2018,4,6,80.0
INN00070,2,0,1,2,Meal Plan 1,0,Room_Type 1,2018,4,25,85.5
INN00071,2,0,0,3,Meal Plan 1,0,Room_Type 1,2018,8,25,100.0
INN00072,2,0,1,0,Not Selected,0,Room_Type 1,2018,11,14,88.0
INN00073,2,0,1,1,Meal Plan 1,1,Room_Type 1,2018,8,29,122.85
INN00074,2,0,0,2,Meal Plan 1,0,Room_Type 1,2018,6,3,100.0
INN00075,2,0,2,3,Meal Plan 1,0,Room_Type 4,2017,10,25,75.0
INN00076,2,0,1,4,Meal Plan 1,0,Room_Type 4,2018,3,9,116.8
INN00077,3,0,1,1,Meal Plan 1,0,Room_Type 4,2018,12,31,121.5
INN00078,2,0,1,2,Meal Plan 1,0,Room_Type 1,2018,6,27,111.9
INN00079,3,0,2,5,Meal Plan 1,0,Room_Type 4,2018,6,28,121.55
INN00080,2,0,0,5,Meal Plan 1,0,Room_Type 1,2018,3,29,75.0
INN00081,2,2,0,2,Meal Plan 1,0,Room_Type 6,2018,4,1,159.3
INN00082,2,0,0,5,Meal Plan 1,0,Room_Type 4,2018,10,11,132.3
INN00083,2,0,2,0,Not Selected,0,Room_Type 1,2018,12,25,88.0
INN00084,2,0,1,4,Meal Plan 1,0,Room_Type 4,2018,3,14,98.82
INN00085,2,0,1,2,Meal Plan 1,1,Room_Type 4,2018,3,4,98.3
INN00086,1,0,1,0,Meal Plan 1,0,Room_Type 1,2018,10,17,150.0
INN00087,2,0,2,3,Not Selected,0,Room_Type 1,2018,9,4,96.05
INN00088,1,0,0,2,Meal Plan 1,0,Room_Type 1,2018,6,15,130.0
INN00089,2,0,0,1,Not Selected,0,Room_Type 1,2018,12,10,95.0
INN00090,2,0,0,3,Meal Plan 1,0,Room_Type 5,2018,8,9,113.56
INN00091,2,0,1,3,Not Selected,0,Room_Type 1,2018,5,5,101.58
INN00092,2,0,1,2,Meal Plan 1,1,Room_Type 1,2018,3,18,105.3
INN00093,2,0,2,1,Meal Plan 1,0,Room_Type 4,2018,4,9,115.8
INN00094,2,0,0,1,Meal Plan 1,0,Room_Type 4,2018,5,19,149.4
INN00095,2,0,2,5,Meal Plan 1,0,Room_Type 1,2018,8,30,111.59
INN00096,2,1,0,2,Meal Plan 1,1,Room_Type 1,2018,8,4,130.5
INN00097,2,0,0,2,Meal Plan 2,0,Room_Type 1,2018,8,18,115.0
INN00098,2,0,0,4,Meal Plan 1,0,Room_Type 1,2018,4,13,90.95
INN00099,2,0,0,3,Meal Plan 1,0,Room_Type 1,2018,11,17,76.08
INN00100,2,2,1,3,Meal Plan 1,0,Room_Type 6,2018,12,22,156.9
INN00101,2,0,1,0,Not Selected,0,Room_Type 1,2018,10,23,85.5
INN00102,3,0,1,2,Meal Plan 1,0,Room_Type 4,2018,5,13,159.3
INN00103,1,0,0,4,Meal Plan 1,0,Room_Type 1,2018,12,13,74.8
INN00104,2,0,0,1,Meal Plan 1,0,Room_Type 1,2017,10,31,95.0
INN00105,2,0,0,3,Meal Plan 1,0,Room_Type 1,2017,10,8,107.0
INN00106,2,0,0,3,Meal Plan 1,0,Room_Type 1,2018,2,16,64.0
INN00107,2,0,1,4,Meal Plan 1,1,Room_Type 1,2017,11,2,82.95
INN00108,2,0,1,3,Meal Plan 1,0,Room_Type 4,2017,9,21,155.0
INN00109,2,0,0,1,Not Selected,0,Room_Type 1,2018,6,30,101.68
INN00110,2,0,2,1,Meal Plan 1,0,Room_Type 1,2017,9,5,94.5
INN00111,2,0,0,2,Meal Plan 1,0,Room_Type 1,2018,9,30,117.9
INN00112,2,0,1,0,Not Selected,0,Room_Type 1,2018,6,27,127.0
INN00113,2,0,0,3,Not Selected,0,Room_Type 1,2018,6,16,116.1
INN00114,2,0,2,3,Meal Plan 1,0,Room_Type 1,2018,6,30,117.9
INN00115,2,2,2,2,Meal Plan 1,0,Room_Type 2,2018,6,26,184.24
INN00116,3,0,2,2,Meal Plan 1,1,Room_Type 4,2018,8,13,155.7
INN00117,3,0,2,5,Meal Plan 1,0,Room_Type 4,2018,4,22,135.76
INN00118,2,1,2,5,Meal Plan 1,0,Room_Type 1,2018,11,12,102.83
INN00119,2,0,0,1,Meal Plan 1,0,Room_Type 1,2018,4,29,65.0
INN00120,2,0,2,3,Meal Plan 1,0,Room_Type 1,2017,11,14,103.0
INN00121,2,0,0,3,Meal Plan 1,0,Room_Type 1,2018,9,1,106.2
INN00122,2,0,0,2,Meal Plan 2,0,Room_Type 1,2018,9,16,58.5
INN00123,2,0,1,3,Meal Plan 1,0,Room_Type 1,2018,3,10,73.95
INN00124,2,0,0,3,Meal Plan 1,0,Room_Type 1,2018,5,5,105.3
INN00125,3,0,2,0,Meal Plan 1,0,Room_Type 4,2018,4,24,133.2
INN00126,2,0,0,2,Meal Plan 1,0,Room_Type 1,2018,3,30,85.5
INN00127,1,0,0,1,Meal Plan 1,0,Room_Type 1,2018,11,3,112.0
INN00128,2,2,0,2,Meal Plan 1,0,Room_Type 6,2018,10,14,190.8
INN00129,1,0,2,3,Meal Plan 1,0,Room_Type 1,2018,6,5,110.0
INN00130,2,0,1,4,Meal Plan 1,0,Room_Type 4,2018,7,13,91.48
INN00131,2,0,0,2,Not Selected,0,Room_Type 1,2018,10,20,135.0
INN00132,1,0,1,2,Meal Plan 1,0,Room_Type 1,2018,10,17,129.0
INN00133,2,0,2,4,Not Selected,0,Room_Type 1,2018,12,28,70.55
INN00134,2,0,1,4,Meal Plan 1,0,Room_Type 4,2017,10,19,75.0
INN00135,1,0,0,4,Not Selected,0,Room_Type 1,2018,3,29,72.25
INN00136,2,0,0,1,Meal Plan 1,0,Room_Type 4,2017,10,9,155.0
INN00137,2,1,1,0,Meal Plan 1,0,Room_Type 1,2018,7,25,121.5
INN00138,2,0,2,5,Meal Plan 1,0,Room_Type 1,2018,6,28,90.95
INN00139,1,0,2,2,Meal Plan 1,0,Room_Type 1,2018,5,22,109.65
INN00140,3,0,2,4,Meal Plan 1,0,Room_Type 4,2018,4,15,142.72
INN00141,1,0,1,2,Meal Plan 1,0,Room_Type 1,2018,5,9,90.0
INN00142,2,0,0,2,Meal Plan 1,0,Room_Type 1,2018,6,17,75.0
INN00143,2,0,0,2,Meal Plan 1,0,Room_Type 1,2018,11,18,111.0
INN00144,2,0,2,2,Meal Plan 1,0,Room_Type 1,2018,10,30,86.7
INN00145,2,0,1,0,Meal Plan 1,0,Room_Type 1,2018,3,28,117.9
INN00146,1,0,0,2,Meal Plan 1,0,Room_Type 1,2018,6,1,0.0
INN00147,2,0,0,4,Not Selected,0,Room_Type 1,2018,5,4,101.58
INN00148,2,0,1,2,Not Selected,0,Room_Type 1,2018,4,8,58.9
INN00149,2,0,0,1,Meal Plan 1,0,Room_Type 1,2018,6,8,120.0
INN00150,2,0,2,3,Meal Plan 1,0,Room_Type 4,2018,4,7,107.1
INN00151,2,0,1,1,Meal Plan 1,0,Room_Type 1,2018,5,2,126.9
INN00152,2,0,0,3,Meal Plan 1,0,Room_Type 4,2018,9,29,139.5
INN00153,2,0,1,3,Not Selected,0,Room_Type 1,2018,4,4,80.75
INN00154,2,0,0,2,Meal Plan 2,0,Room_Type 1,2017,7,17,109.0
INN00155,2,0,0,1,Meal Plan 2,0,Room_Type 1,2018,4,6,104.0
INN00156,1,0,0,3,Meal Plan 1,0,Room_Type 1,2018,11,1,65.0
INN00157,2,0,0,3,Meal Plan 1,0,Room_Type 4,2018,5,24,140.4
INN00158,2,0,0,3,Meal Plan 1,0,Room_Type 1,2018,2,17,75.0
INN00159,2,0,0,1,Not Selected,0,Room_Type 1,2018,4,14,94.5
INN00160,2,0,1,0,Not Selected,0,Room_Type 1,2018,6,5,109.0
INN00161,2,0,2,2,Meal Plan 1,0,Room_Type 1,2018,11,12,105.0
INN00162,2,0,2,2,Meal Plan 1,0,Room_Type 4,2018,4,17,107.95
INN00163,3,0,2,2,Meal Plan 1,0,Room_Type 7,2018,10,7,215.6
INN00164,2,0,1,1,Not Selected,0,Room_Type 1,2018,8,1,85.5
INN00165,2,0,0,2,Meal Plan 1,0,Room_Type 1,2018,7,12,105.3
INN00166,1,0,2,1,Meal Plan 2,0,Room_Type 1,2018,1,2,1.0
INN00167,2,0,0,2,Meal Plan 1,0,Room_Type 4,2018,6,15,156.0
INN00168,1,0,0,2,Meal Plan 1,0,Room_Type 1,2018,11,16,73.15
INN00169,2,0,1,2,Meal Plan 1,0,Room_Type 1,2018,9,19,110.0
INN00170,2,1,1,0,Not Selected,0,Room_Type 1,2017,9,13,87.4
INN00171,2,0,0,2,Meal Plan 1,0,Room_Type 1,2018,9,15,120.0
INN00172,2,0,1,2,Not Selected,0,Room_Type 1,2018,12,16,79.2
INN00173,2,0,1,3,Meal Plan 1,0,Room_Type 1,2018,6,30,90.95
INN00174,2,0,0,4,Meal Plan 1,0,Room_Type 1,2018,10,18,91.48
INN00175,2,1,0,1,Meal Plan 1,0,Room_Type 1,2018,11,5,150.0
INN00176,2,0,0,1,Not Selected,0,Room_Type 1,2018,3,22,89.0
INN00177,2,0,1,4,Not Selected,0,Room_Type 1,2018,8,17,91.43
INN00178,2,0,0,2,Meal Plan 1,0,Room_Type 1,2018,5,20,140.0
INN00179,1,1,2,5,Not Selected,0,Room_Type 1,2017,10,24,87.78
INN00180,2,0,0,2,Meal Plan 2,0,Room_Type 1,2018,7,21,115.0
INN00181,2,0,0,3,Meal Plan 1,0,Room_Type 1,2017,9,9,80.85
INN00182,2,0,1,3,Meal Plan 1,0,Room_Type 1,2018,3,31,82.45
INN00183,2,0,0,1,Not Selected,0,Room_Type 1,2018,10,11,108.0
INN00184,2,0,1,1,Meal Plan 1,0,Room_Type 4,2018,4,2,96.3
INN00185,2,0,1,5,Meal Plan 1,0,Room_Type 1,2018,8,22,99.45
INN00186,2,0,0,2,Meal Plan 1,0,Room_Type 4,2018,5,13,140.4
INN00187,2,0,1,3,Meal Plan 1,0,Room_Type 1,2018,8,8,72.25
INN00188,2,0,1,4,Meal Plan 1,0,Room_Type 4,2018,8,15,126.0
INN00189,2,0,2,3,Meal Plan 1,0,Room_Type 1,2018,8,19,78.0
INN00190,1,0,2,2,Meal Plan 1,0,Room_Type 4,2018,11,6,146.6
INN00191,2,0,1,2,Meal Plan 1,0,Room_Type 1,2018,10,10,118.8
INN00192,1,0,0,1,Meal Plan 1,0,Room_Type 1,2018,10,6,145.0
INN00193,2,0,0,4,Meal Plan 1,0,Room_Type 1,2018,4,6,84.58
INN00194,2,0,1,2,Meal Plan 2,0,Room_Type 1,2018,3,25,130.0
INN00195,2,0,4,10,Meal Plan 1,0,Room_Type 4,2018,8,3,118.88
INN00196,2,0,1,2,Meal Plan 1,0,Room_Type 1,2018,5,30,101.52
INN00197,2,0,0,1,Meal Plan 1,0,Room_Type 1,2017,9,11,100.0
INN00198,2,0,2,1,Meal Plan 1,0,Room_Type 1,2018,3,20,58.0
INN00199,2,0,0,4,Meal Plan 1,0,Room_Type 1,2018,3,23,61.5
INN00200,2,0,1,2,Meal Plan 2,0,Room_Type 1,2018,9,26,107.0
INN00201,2,0,1,4,Not Selected,0,Room_Type 1,2018,8,24,87.3
INN00202,2,0,0,2,Meal Plan 1,0,Room_Type 1,2017,7,16,76.5
INN00203,2,0,2,2,Not Selected,0,Room_Type 1,2018,12,16,63.75
INN00204,2,0,1,2,Meal Plan 1,0,Room_Type 1,2018,5,13,95.0
INN00205,2,0,2,1,Meal Plan 1,0,Room_Type 1,2018,11,19,75.0
INN00206,2,0,0,3,Meal Plan 1,0,Room_Type 1,2018,9,8,70.0
INN00207,2,0,1,3,Meal Plan 1,0,Room_Type 1,2018,5,2,101.58
INN00208,2,0,2,3,Meal Plan 1,0,Room_Type 1,2018,8,21,85.0
INN00209,2,0,2,4,Meal Plan 1,0,Room_Type 1,2018,12,3,98.39
INN00210,1,0,0,0,Meal Plan 1,0,Room_Type 1,2018,2,27,0.0
INN00211,2,0,0,3,Meal Plan 1,0,Room_Type 1,2017,9,22,106.07
INN00212,2,0,1,1,Meal Plan 1,0,Room_Type 1,2018,7,18,105.0
INN00213,2,0,0,1,Meal Plan 1,0,Room_Type 1,2017,9,22,145.0
INN00214,3,0,2,1,Meal Plan 1,0,Room_Type 1,2018,8,13,106.03
INN00215,2,0,2,2,Meal Plan 1,0,Room_Type 1,2018,8,13,114.3
INN00216,1,0,1,1,Not Selected,0,Room_Type 1,2018,12,5,88.0
INN00217,2,0,0,2,Meal Plan 1,0,Room_Type 1,2017,10,15,89.25
INN00218,2,1,2,5,Meal Plan 1,0,Room_Type 4,2018,3,20,86.32
INN00219,2,0,0,3,Meal Plan 1,0,Room_Type 1,2018,10,13,90.0
INN00220,2,0,2,5,Meal Plan 1,0,Room_Type 1,2017,8,22,55.96
INN00221,1,0,0,2,Not Selected,0,Room_Type 1,2018,6,8,109.0
INN00222,2,0,0,1,Meal Plan 1,0,Room_Type 1,2018,3,1,86.0
INN00223,2,0,1,5,Meal Plan 1,0,Room_Type 1,2018,9,5,118.95
INN00224,2,0,0,2,Meal Plan 1,0,Room_Type 1,2018,6,10,130.0
INN00225,2,0,1,3,Not Selected,0,Room_Type 1,2018,4,14,90.56
INN00226,2,0,0,2,Meal Plan 1,0,Room_Type 1,2018,4,1,87.3
INN00227,2,2,2,2,Meal Plan 1,0,Room_Type 6,2018,5,27,177.65
INN00228,1,2,2,2,Meal Plan 1,0,Room_Type 6,2017,9,19,200.75
INN00229,2,1,0,2,Meal Plan 1,0,Room_Type 1,2018,3,18,127.0
INN00230,1,0,1,2,Meal Plan 1,0,Room_Type 1,2018,2,5,72.9
INN00231,3,0,1,1,Meal Plan 1,0,Room_Type 4,2018,5,7,159.3
INN00232,2,1,1,3,Meal Plan 1,0,Room_Type 1,2018,5,12,135.15
INN00233,1,0,0,2,Meal Plan 1,0,Room_Type 1,2018,10,28,90.0
INN00234,2,0,1,0,Not Selected,0,Room_Type 1,2017,10,18,114.0
INN00235,2,1,0,1,Meal Plan 1,1,Room_Type 1,2018,6,21,125.1
INN00236,2,0,2,6,Not Selected,0,Room_Type 1,2017,8,14,95.13
INN00237,2,0,0,2,Meal Plan 1,0,Room_Type 5,2018,4,29,105.84
INN00238,2,0,1,3,Meal Plan 1,0,Room_Type 1,2018,12,26,102.0
INN00239,2,0,2,2,Not Selected,0,Room_Type 1,2018,12,2,74.8
INN00240,2,0,1,0,Not Selected,0,Room_Type 1,2018,4,24,94.5
INN00241,2,0,2,4,Not Selected,0,Room_Type 1,2018,6,16,120.6
INN00242,2,0,1,2,Meal Plan 1,0,Room_Type 1,2017,10,9,139.33
INN00243,2,0,0,2,Meal Plan 1,0,Room_Type 1,2017,9,3,105.0
INN00244,2,0,0,2,Not Selected,0,Room_Type 1,2018,9,14,100.0
INN00245,2,0,1,0,Meal Plan 1,0,Room_Type 1,2018,2,8,80.3
INN00246,1,0,0,2,Meal Plan 1,0,Room_Type 1,2017,10,2,100.0
INN00247,2,0,0,3,Meal Plan 1,1,Room_Type 1,2018,3,24,105.3
INN00248,2,0,0,4,Meal Plan 1,0,Room_Type 4,2018,5,31,112.8
INN00249,2,0,1,2,Meal Plan 1,0,Room_Type 1,2018,8,15,151.0
INN00250,1,0,1,3,Meal Plan 1,0,Room_Type 1,2017,11,9,91.0
INN00251,3,0,2,1,Meal Plan 1,0,Room_Type 4,2018,8,13,146.7
INN00252,2,0,2,3,Meal Plan 1,0,Room_Type 1,2017,10,2,58.4
INN00253,2,0,0,4,Not Selected,0,Room_Type 1,2018,7,26,80.75
INN00254,2,0,1,1,Not Selected,0,Room_Type 1,2018,5,21,76.5
INN00255,3,0,0,3,Meal Plan 1,0,Room_Type 4,2018,9,7,140.13
INN00256,2,0,2,4,Not Selected,0,Room_Type 1,2017,11,15,76.0
INN00257,2,0,0,1,Meal Plan 1,0,Room_Type 1,2017,9,16,200.0
INN00258,2,0,0,2,Meal Plan 2,0,Room_Type 1,2017,10,16,101.5
INN00259,2,0,0,3,Not Selected,0,Room_Type 1,2018,10,18,108.0
INN00260,3,0,2,3,Meal Plan 2,0,Room_Type 4,2018,7,23,189.0
INN00261,3,0,1,1,Meal Plan 1,0,Room_Type 4,2018,6,11,166.0
INN00262,2,0,1,1,Not Selected,0,Room_Type 1,2018,1,16,67.5
INN00263,2,0,1,3,Meal Plan 1,0,Room_Type 4,2017,9,14,78.54
INN00264,1,0,2,2,Meal Plan 1,0,Room_Type 1,2018,11,6,152.1
INN00265,1,0,2,1,Meal Plan 1,0,Room_Type 1,2018,10,15,115.0
INN00266,2,0,2,5,Not Selected,0,Room_Type 1,2017,9,2,66.53
INN00267,1,0,0,2,Meal Plan 1,0,Room_Type 1,2017,8,12,0.0
INN00268,1,0,2,1,Meal Plan 1,0,Room_Type 1,2017,8,23,0.0
INN00269,2,0,0,3,Meal Plan 1,0,Room_Type 1,2018,12,29,90.3
INN00270,2,0,0,2,Meal Plan 1,0,Room_Type 1,2018,4,15,85.0
INN00271,1,0,0,1,Meal Plan 1,0,Room_Type 1,2018,3,11,75.0
INN00272,2,0,2,4,Meal Plan 1,0,Room_Type 1,2018,8,28,115.37
INN00273,2,0,1,2,Meal Plan 2,0,Room_Type 1,2018,3,25,130.0
INN00274,3,0,0,2,Meal Plan 1,0,Room_Type 4,2018,12,9,126.0
INN00275,2,0,1,0,Meal Plan 1,0,Room_Type 1,2018,6,12,94.35
INN00276,3,0,2,4,Meal Plan 1,0,Room_Type 4,2018,7,6,118.46
INN00277,1,0,0,2,Meal Plan 2,0,Room_Type 1,2018,6,15,90.6
INN00278,1,0,2,1,Meal Plan 1,0,Room_Type 1,2018,3,5,82.9
INN00279,2,0,0,3,Meal Plan 1,0,Room_Type 1,2017,8,18,95.33
INN00280,3,0,2,5,Meal Plan 1,0,Room_Type 4,2018,4,21,135.64
INN00281,3,0,1,1,Meal Plan 1,0,Room_Type 4,2018,6,18,122.4
INN00282,2,0,1,3,Not Selected,0,Room_Type 1,2018,5,9,116.1
INN00283,2,0,0,4,Not Selected,0,Room_Type 1,2018,6,28,62.18
INN00284,2,0,0,4,Not Selected,0,Room_Type 1,2018,3,9,63.75
INN00285,1,0,1,4,Meal Plan 1,0,Room_Type 1,2018,9,7,118.8
INN00286,2,0,0,2,Not Selected,1,Room_Type 1,2018,8,10,167.0
INN00287,2,2,2,2,Meal Plan 1,0,Room_Type 6,2018,5,13,187.85
INN00288,0,2,2,2,Meal Plan 1,0,Room_Type 1,2018,4,24,108.38
INN00289,2,0,0,1,Meal Plan 1,0,Room_Type 2,2018,9,7,0.0
INN00290,3,0,1,2,Meal Plan 1,0,Room_Type 1,2018,10,28,128.7
INN00291,2,0,1,3,Meal Plan 1,0,Room_Type 1,2018,3,17,80.33
INN00292,2,0,1,1,Meal Plan 1,0,Room_Type 1,2018,8,22,140.0
INN00293,2,1,1,1,Meal Plan 1,0,Room_Type 1,2017,8,8,76.5
INN00294,2,0,2,1,Meal Plan 1,0,Room_Type 1,2018,5,1,105.3
INN00295,2,0,2,1,Meal Plan 1,0,Room_Type 1,2018,4,3,87.3
INN00296,1,0,0,3,Meal Plan 1,0,Room_Type 1,2018,11,1,110.0
INN00297,1,0,0,1,Meal Plan 2,0,Room_Type 1,2017,9,4,83.0
INN00298,2,0,2,2,Meal Plan 1,0,Room_Type 1,2018,8,13,99.45
INN00299,2,1,2,1,Meal Plan 2,0,Room_Type 1,2017,12,27,104.5
INN00300,2,0,2,6,Meal Plan 1,0,Room_Type 1,2018,11,16,92.54
INN00301,1,0,0,3,Meal Plan 1,0,Room_Type 1,2018,10,13,95.0
INN00302,1,0,0,2,Meal Plan 1,0,Room_Type 1,2018,6,15,130.0
INN00303,2,0,2,1,Meal Plan 1,0,Room_Type 1,2018,1,2,63.0
INN00304,2,0,1,2,Meal Plan 1,0,Room_Type 4,2018,10,28,109.8
INN00305,2,0,1,0,Meal Plan 1,0,Room_Type 1,2018,5,16,103.0
INN00306,3,0,2,1,Meal Plan 1,0,Room_Type 4,2018,2,20,130.0
INN00307,2,0,0,2,Meal Plan 1,0,Room_Type 1,2018,3,23,117.0
INN00308,2,0,0,4,Meal Plan 1,0,Room_Type 4,2017,12,29,60.5
INN00309,2,0,0,1,Meal Plan 2,0,Room_Type 1,2017,9,30,112.2
INN00310,2,0,1,3,Meal Plan 1,0,Room_Type 1,2018,8,1,135.9
INN00311,2,0,1,0,Meal Plan 1,0,Room_Type 1,2018,7,25,151.0
INN00312,2,2,0,2,Meal Plan 1,0,Room_Type 6,2018,9,16,239.0
INN00313,2,0,2,1,Meal Plan 1,0,Room_Type 1,2017,12,26,59.09
INN00314,2,0,2,5,Meal Plan 1,0,Room_Type 1,2018,7,9,103.09
INN00315,2,0,2,1,Meal Plan 1,0,Room_Type 1,2018,2,28,87.0
INN00316,3,0,1,0,Meal Plan 1,0,Room_Type 4,2018,4,17,137.0
INN00317,2,0,0,2,Meal Plan 2,0,Room_Type 1,2018,6,24,109.0
INN00318,2,0,1,1,Meal Plan 2,0,Room_Type 1,2018,6,6,115.0
INN00319,2,0,2,3,Meal Plan 1,0,Room_Type 4,2018,7,17,99.45
INN00320,2,0,0,2,Meal Plan 2,0,Room_Type 1,2018,8,18,115.0
INN00321,3,0,1,2,Meal Plan 1,0,Room_Type 4,2018,2,22,130.0
INN00322,1,0,1,0,Meal Plan 1,0,Room_Type 1,2018,5,22,65.0
INN00323,2,0,0,2,Meal Plan 1,0,Room_Type 1,2018,6,17,75.0
INN00324,2,1,1,2,Meal Plan 1,0,Room_Type 1,2018,7,8,132.9
INN00325,1,0,2,0,Meal Plan 1,0,Room_Type 1,2017,10,18,120.0
INN00326,2,0,0,2,Not Selected,0,Room_Type 1,2018,11,11,79.2
INN00327,3,0,2,1,Meal Plan 1,0,Room_Type 4,2018,8,28,159.3
INN00328,1,0,0,2,Meal Plan 1,0,Room_Type 1,2018,6,15,130.0
INN00329,2,0,0,3,Meal Plan 1,0,Room_Type 1,2017,10,6,90.0
INN00330,2,0,0,2,Meal Plan 1,0,Room_Type 4,2018,5,27,140.4
INN00331,2,0,0,1,Meal Plan 1,0,Room_Type 1,2017,8,11,75.0
INN00332,2,0,0,2,Meal Plan 2,0,Room_Type 1,2017,7,17,109.0
INN00333,2,0,2,1,Meal Plan 2,0,Room_Type 1,2017,7,25,94.5
INN00334,1,0,0,1,Meal Plan 1,0,Room_Type 1,2017,12,15,75.0
INN00335,2,0,1,2,Meal Plan 1,0,Room_Type 4,2017,10,23,75.0
INN00336,2,0,2,1,Meal Plan 1,0,Room_Type 1,2017,10,10,76.67
INN00337,2,0,2,2,Meal Plan 1,0,Room_Type 1,2018,10,2,126.0
INN00338,2,0,1,1,Not Selected,0,Room_Type 1,2018,7,23,85.5
INN00339,2,0,0,3,Meal Plan 1,0,Room_Type 4,2018,8,18,140.7
INN00340,2,0,2,2,Meal Plan 1,0,Room_Type 4,2018,6,26,103.7
INN00341,1,0,0,1,Meal Plan 1,0,Room_Type 1,2017,9,8,142.0
INN00342,2,1,2,5,Meal Plan 1,0,Room_Type 1,2018,12,21,103.7
INN00343,1,0,1,2,Meal Plan 1,0,Room_Type 1,2018,6,6,110.0
INN00344,2,0,0,3,Meal Plan 1,0,Room_Type 1,2018,11,10,75.0
INN00345,3,0,1,1,Meal Plan 1,0,Room_Type 4,2018,7,25,137.7
INN00346,2,0,0,1,Not Selected,0,Room_Type 1,2018,9,7,87.3
INN00347,1,0,0,2,Meal Plan 1,0,Room_Type 1,2018,8,24,0.0
INN00348,2,0,0,2,Meal Plan 2,0,Room_Type 1,2017,8,14,101.5
INN00349,2,0,0,1,Meal Plan 1,0,Room_Type 1,2018,2,24,97.0
INN00350,3,0,1,1,Meal Plan 1,0,Room_Type 4,2018,8,15,150.3
INN00351,2,0,0,4,Meal Plan 1,0,Room_Type 1,2018,3,29,82.45
INN00352,1,0,0,1,Meal Plan 1,1,Room_Type 4,2018,7,1,103.0
INN00353,1,0,2,6,Meal Plan 1,0,Room_Type 1,2018,7,5,145.0
INN00354,1,0,1,1,Meal Plan 1,0,Room_Type 1,2018,7,11,145.0
INN00355,2,0,2,2,Meal Plan 1,0,Room_Type 4,2018,5,14,134.85
INN00356,2,1,1,1,Meal Plan 1,0,Room_Type 6,2018,10,22,168.25
INN00357,1,0,2,1,Meal Plan 1,0,Room_Type 1,2018,2,28,60.0
INN00358,2,0,1,3,Meal Plan 1,0,Room_Type 1,2018,6,13,76.0
INN00359,2,0,1,2,Meal Plan 1,0,Room_Type 1,2017,8,10,63.5
INN00360,2,0,2,0,Meal Plan 1,0,Room_Type 1,2018,9,18,95.0
INN00361,2,0,2,2,Meal Plan 1,0,Room_Type 4,2018,9,3,90.95
INN00362,2,0,0,2,Meal Plan 1,0,Room_Type 1,2017,10,16,98.4
INN00363,2,0,0,1,Meal Plan 1,0,Room_Type 1,2018,9,22,135.9
INN00364,2,0,0,2,Meal Plan 1,0,Room_Type 4,2018,11,16,130.0
INN00365,2,0,0,1,Meal Plan 1,0,Room_Type 4,2017,11,19,81.9
INN00366,3,0,1,4,Meal Plan 1,0,Room_Type 1,2018,2,22,78.85
INN00367,2,0,2,3,Meal Plan 2,0,Room_Type 1,2018,6,26,141.3
INN00368,2,0,1,1,Meal Plan 1,0,Room_Type 1,2018,4,9,70.0
INN00369,2,0,2,3,Meal Plan 2,0,Room_Type 1,2018,8,13,170.1
INN00370,2,0,2,0,Meal Plan 2,0,Room_Type 1,2018,10,23,115.0
INN00371,2,2,0,5,Meal Plan 1,0,Room_Type 6,2017,12,29,199.0
INN00372,2,0,2,2,Meal Plan 1,0,Room_Type 4,2018,7,10,82.45
INN00373,4,0,0,3,Meal Plan 1,0,Room_Type 7,2018,10,20,192.86
INN00374,2,0,2,2,Meal Plan 1,0,Room_Type 1,2017,9,25,185.0
INN00375,2,0,2,6,Meal Plan 1,0,Room_Type 1,2018,12,10,68.07
INN00376,2,0,0,3,Meal Plan 1,0,Room_Type 1,2018,10,4,118.8
INN00377,2,0,0,2,Meal Plan 1,0,Room_Type 4,2018,10,27,104.4
INN00378,1,0,0,1,Meal Plan 1,0,Room_Type 1,2018,3,23,65.0
INN00379,2,0,1,3,Not Selected,0,Room_Type 1,2018,3,3,71.1
INN00380,2,0,2,1,Meal Plan 1,0,Room_Type 1,2018,5,21,95.0
INN00381,2,0,4,11,Meal Plan 1,0,Room_Type 4,2018,9,13,116.62
INN00382,2,0,0,4,Meal Plan 1,0,Room_Type 1,2018,9,7,136.0
INN00383,2,2,2,2,Meal Plan 1,0,Room_Type 6,2018,12,2,147.9
INN00384,2,0,2,0,Not Selected,0,Room_Type 1,2018,9,18,123.7
INN00385,2,0,2,1,Meal Plan 1,0,Room_Type 1,2018,6,19,135.9
INN00386,2,0,0,2,Meal Plan 2,0,Room_Type 1,2017,10,16,109.0
INN00387,3,0,2,1,Meal Plan 1,0,Room_Type 4,2018,3,20,186.0
INN00388,3,0,1,3,Meal Plan 1,0,Room_Type 4,2018,12,26,115.6
INN00389,2,2,0,1,Meal Plan 1,0,Room_Type 6,2018,5,14,221.0
INN00390,1,0,0,3,Meal Plan 1,0,Room_Type 1,2017,9,15,65.0
INN00391,1,0,0,1,Meal Plan 1,0,Room_Type 1,2018,2,19,80.0
INN00392,2,1,1,4,Meal Plan 1,0,Room_Type 1,2018,3,23,73.83
INN00393,1,0,0,1,Meal Plan 1,1,Room_Type 1,2018,10,18,67.0
INN00394,2,0,0,2,Meal Plan 1,0,Room_Type 1,2018,3,4,80.3
INN00395,2,0,2,1,Not Selected,0,Room_Type 1,2018,4,30,85.0
INN00396,2,1,2,3,Meal Plan 1,0,Room_Type 1,2018,7,23,152.1
INN00397,2,0,0,2,Meal Plan 1,0,Room_Type 1,2017,9,9,89.25
INN00398,1,0,0,4,Meal Plan 2,0,Room_Type 1,2018,9,28,110.0
INN00399,2,0,1,2,Meal Plan 1,0,Room_Type 1,2018,5,13,95.0
INN00400,2,0,0,1,Not Selected,0,Room_Type 1,2018,3,18,79.0
INN00401,2,0,0,1,Meal Plan 1,0,Room_Type 1,2018,8,12,80.0
INN00402,2,0,2,2,Meal Plan 1,0,Room_Type 1,2018,10,1,102.85
INN00403,2,0,1,2,Meal Plan 1,0,Room_Type 1,2018,9,9,90.0
INN00404,2,0,1,2,Meal Plan 1,0,Room_Type 2,2018,1,29,62.37
INN00405,2,0,0,1,Not Selected,0,Room_Type 1,2018,4,8,98.0
INN00406,2,0,0,3,Meal Plan 1,0,Room_Type 1,2017,9,17,117.67
INN00407,2,0,2,1,Meal Plan 1,0,Room_Type 1,2018,6,18,141.0
INN00408,2,1,1,3,Meal Plan 1,0,Room_Type 6,2018,12,26,156.61
INN00409,3,0,0,3,Meal Plan 1,0,Room_Type 4,2018,8,3,152.1
INN00410,2,0,0,1,Meal Plan 1,0,Room_Type 1,2018,8,6,105.3
INN00411,2,0,1,3,Meal Plan 1,0,Room_Type 1,2018,5,30,119.85
INN00412,2,0,0,2,Meal Plan 1,0,Room_Type 1,2018,11,4,97.2
INN00413,1,0,0,1,Not Selected,0,Room_Type 1,2018,5,13,116.1
INN00414,3,0,2,2,Meal Plan 1,0,Room_Type 4,2018,5,29,150.45
INN00415,1,0,0,1,Meal Plan 1,0,Room_Type 1,2018,1,20,71.0
INN00416,1,0,1,0,Meal Plan 1,0,Room_Type 1,2018,6,27,0.0
INN00417,2,0,1,2,Meal Plan 1,0,Room_Type 4,2017,12,7,60.0
INN00418,1,0,0,1,Meal Plan 1,0,Room_Type 1,2018,4,5,89.0
INN00419,2,0,2,0,Meal Plan 2,0,Room_Type 1,2018,10,23,115.0
INN00420,2,0,1,1,Meal Plan 1,0,Room_Type 1,2018,5,2,100.0
INN00421,2,0,1,3,Not Selected,0,Room_Type 1,2018,11,14,75.9
INN00422,2,0,1,2,Meal Plan 1,0,Room_Type 1,2017,10,2,65.0
INN00423,2,0,2,2,Meal Plan 1,0,Room_Type 1,2018,5,29,104.55
INN00424,1,0,2,2,Meal Plan 1,0,Room_Type 1,2018,10,14,115.0
INN00425,3,0,1,1,Meal Plan 1,0,Room_Type 4,2018,7,2,187.0
INN00426,1,0,0,1,Meal Plan 1,0,Room_Type 1,2018,8,4,115.0
INN00427,2,0,0,4,Not Selected,0,Room_Type 1,2018,9,27,84.43
INN00428,2,0,2,3,Meal Plan 1,0,Room_Type 1,2018,4,8,90.95
INN00429,2,0,1,3,Meal Plan 2,1,Room_Type 4,2018,3,24,208.0
INN00430,2,0,2,4,Meal Plan 1,0,Room_Type 1,2018,9,3,97.18
INN00431,1,0,0,4,Meal Plan 2,0,Room_Type 1,2017,10,21,79.11
INN00432,2,0,0,2,Meal Plan 1,0,Room_Type 1,2018,5,13,0.0
INN00433,2,0,0,1,Meal Plan 1,0,Room_Type 4,2017,9,8,120.0
INN00434,2,0,0,3,Meal Plan 1,0,Room_Type 1,2017,10,20,126.0
INN00435,2,0,0,2,Meal Plan 1,0,Room_Type 1,2018,2,16,91.0
INN00436,2,0,0,5,Meal Plan 2,0,Room_Type 1,2018,9,6,137.0
INN00437,2,0,0,4,Meal Plan 1,0,Room_Type 1,2018,3,16,67.32
INN00438,2,0,0,1,Meal Plan 1,0,Room_Type 1,2017,10,23,81.62
INN00439,3,0,1,3,Meal Plan 2,0,Room_Type 4,2018,10,24,123.66
INN00440,2,0,2,1,Not Selected,0,Room_Type 1,2018,8,6,94.5
INN00441,2,0,1,4,Meal Plan 1,0,Room_Type 1,2018,8,22,96.3
INN00442,2,0,2,1,Meal Plan 1,0,Room_Type 1,2018,8,13,88.01
INN00443,2,0,1,3,Meal Plan 1,0,Room_Type 1,2018,3,10,81.9
INN00444,2,0,0,4,Meal Plan 1,0,Room_Type 1,2018,5,11,119.85
INN00445,1,0,0,1,Meal Plan 1,0,Room_Type 1,2017,10,23,83.5
INN00446,1,0,0,1,Meal Plan 1,1,Room_Type 1,2018,4,1,67.0
INN00447,2,0,2,2,Meal Plan 1,0,Room_Type 4,2018,6,19,156.0
INN00448,2,0,0,1,Meal Plan 1,0,Room_Type 1,2017,10,13,85.0
INN00449,2,0,3,5,Meal Plan 1,0,Room_Type 4,2018,4,4,126.75
INN00450,2,0,1,1,Meal Plan 2,0,Room_Type 1,2018,6,6,115.0
INN00451,2,0,2,1,Not Selected,0,Room_Type 1,2018,10,16,107.1
INN00452,1,0,0,1,Meal Plan 1,0,Room_Type 1,2018,10,14,120.0
INN00453,2,0,2,1,Meal Plan 1,0,Room_Type 1,2018,11,19,93.6
INN00454,2,0,0,1,Meal Plan 1,0,Room_Type 1,2018,6,8,120.0
INN00455,1,0,0,1,Meal Plan 1,0,Room_Type 1,2018,6,8,90.0
INN00456,2,0,0,5,Meal Plan 1,0,Room_Type 1,2018,9,6,137.0
INN00457,2,1,1,3,Meal Plan 1,0,Room_Type 1,2018,10,31,106.43
INN00458,1,0,0,3,Not Selected,0,Room_Type 1,2018,5,31,87.78
INN00459,2,0,0,2,Meal Plan 2,0,Room_Type 1,2017,9,18,101.5
INN00460,2,0,0,1,Not Selected,0,Room_Type 1,2018,6,23,85.5
INN00461,1,0,0,3,Meal Plan 1,0,Room_Type 1,2018,10,13,95.0
INN00462,2,0,2,2,Meal Plan 1,0,Room_Type 4,2018,7,1,103.7
INN00463,1,0,0,1,Meal Plan 1,0,Room_Type 1,2017,8,26,65.0
INN00464,2,0,2,6,Meal Plan 1,0,Room_Type 1,2018,8,18,100.12
INN00465,2,0,1,3,Meal Plan 2,1,Room_Type 1,2018,4,11,156.25
INN00466,2,0,1,2,Meal Plan 2,0,Room_Type 1,2018,5,13,101.0
INN00467,2,0,1,3,Meal Plan 2,1,Room_Type 1,2018,7,4,161.1
INN00468,2,0,1,3,Not Selected,1,Room_Type 1,2018,12,8,83.8
INN00469,2,1,0,1,Meal Plan 1,1,Room_Type 1,2018,6,18,168.0
INN00470,2,0,2,1,Meal Plan 1,0,Room_Type 1,2017,12,27,58.0
INN00471,2,0,2,1,Meal Plan 2,0,Room_Type 1,2017,8,8,94.5
INN00472,2,0,0,4,Meal Plan 1,0,Room_Type 1,2017,12,9,96.3
INN00473,2,0,0,1,Meal Plan 1,0,Room_Type 1,2017,8,14,76.5
INN00474,2,0,2,3,Meal Plan 1,0,Room_Type 1,2018,4,8,78.0
INN00475,2,0,1,1,Not Selected,0,Room_Type 1,2018,9,26,112.59
INN00476,2,2,2,1,Meal Plan 1,0,Room_Type 7,2018,6,12,187.04
INN00477,2,0,0,1,Meal Plan 1,1,Room_Type 1,2018,10,11,169.0
INN00478,2,0,3,7,Not Selected,0,Room_Type 1,2018,12,5,46.63
INN00479,2,0,0,3,Meal Plan 1,0,Room_Type 1,2018,8,25,100.0
INN00480,2,0,0,3,Not Selected,0,Room_Type 1,2018,10,19,85.5
INN00481,1,0,0,2,Meal Plan 1,0,Room_Type 1,2018,6,15,130.0
INN00482,3,0,2,2,Meal Plan 1,0,Room_Type 4,2018,7,8,146.7
INN00483,1,0,0,2,Meal Plan 1,0,Room_Type 1,2017,11,20,73.0
INN00484,3,0,2,2,Meal Plan 1,0,Room_Type 6,2018,4,1,143.22
INN00485,2,0,0,3,Meal Plan 1,0,Room_Type 1,2017,10,22,89.25
INN00486,2,0,1,0,Not Selected,0,Room_Type 1,2018,9,19,85.0
INN00487,2,0,2,0,Meal Plan 1,0,Room_Type 1,2018,2,28,6.5
INN00488,2,2,0,1,Meal Plan 1,0,Room_Type 2,2018,3,8,83.03
INN00489,2,0,1,3,Meal Plan 1,0,Room_Type 1,2018,2,11,91.0
INN00490,2,0,2,2,Not Selected,0,Room_Type 1,2018,4,10,80.75
INN00491,2,0,1,2,Meal Plan 1,0,Room_Type 1,2018,11,4,89.0
INN00492,2,0,0,3,Meal Plan 1,0,Room_Type 1,2018,10,13,105.0
INN00493,2,0,2,5,Meal Plan 1,0,Room_Type 1,2018,4,30,109.81
INN00494,2,0,1,3,Meal Plan 1,0,Room_Type 4,2018,12,5,70.88
INN00495,1,0,0,2,Not Selected,0,Room_Type 1,2018,11,23,83.6
INN00496,1,0,2,1,Meal Plan 1,0,Room_Type 1,2018,2,28,60.0
INN00497,2,0,0,3,Meal Plan 1,0,Room_Type 1,2018,6,7,130.0
INN00498,1,0,1,1,Meal Plan 1,0,Room_Type 1,2018,4,4,95.0
INN00499,2,0,0,1,Meal Plan 2,0,Room_Type 1,2018,4,6,104.0
INN00500,2,0,0,3,Meal Plan 1,0,Room_Type 4,2018,2,11,62.0
INN00501,2,0,2,1,Meal Plan 1,0,Room_Type 2,2018,4,23,95.0
INN00502,1,0,2,1,Meal Plan 2,0,Room_Type 4,2018,2,28,145.0
INN00503,1,0,1,0,Meal Plan 1,0,Room_Type 1,2018,10,17,95.0
INN00504,1,0,0,2,Meal Plan 1,0,Room_Type 1,2018,6,24,95.0
INN00505,2,0,2,4,Meal Plan 1,0,Room_Type 1,2018,6,18,80.75
INN00506,3,0,0,4,Meal Plan 1,0,Room_Type 4,2018,8,30,142.2
INN00507,3,0,2,3,Meal Plan 1,0,Room_Type 4,2018,10,21,128.7
INN00508,2,0,2,3,Meal Plan 1,0,Room_Type 1,2018,3,20,90.95
INN00509,2,0,1,2,Meal Plan 1,0,Room_Type 1,2018,11,18,93.6
INN00510,2,0,1,2,Meal Plan 1,0,Room_Type 4,2017,11,9,60.0
INN00511,1,0,0,3,Meal Plan 1,0,Room_Type 1,2018,8,25,90.0
INN00512,2,0,2,1,Not Selected,0,Room_Type 1,2017,12,5,95.4
INN00513,2,0,0,2,Meal Plan 1,0,Room_Type 1,2018,10,21,160.0
INN00514,2,0,2,1,Meal Plan 1,0,Room_Type 4,2018,10,30,104.1
INN00515,2,0,0,1,Meal Plan 2,0,Room_Type 1,2018,4,6,104.0
INN00516,2,0,0,4,Meal Plan 1,0,Room_Type 1,2018,8,3,109.0
INN00517,2,0,2,4,Meal Plan 1,0,Room_Type 4,2018,4,10,93.78
INN00518,1,0,0,2,Meal Plan 1,0,Room_Type 1,2017,10,14,95.0
INN00519,1,0,0,1,Not Selected,0,Room_Type 1,2018,10,15,140.0
INN00520,2,0,1,3,Meal Plan 1,0,Room_Type 1,2017,12,24,87.0
INN00521,1,0,2,1,Meal Plan 1,0,Room_Type 4,2018,3,5,85.85
INN00522,2,0,1,3,Meal Plan 1,0,Room_Type 4,2018,3,24,99.45
INN00523,2,0,0,4,Meal Plan 1,0,Room_Type 4,2018,5,4,120.28
INN00524,1,0,0,3,Meal Plan 1,0,Room_Type 1,2018,6,14,120.0
INN00525,2,0,2,0,Meal Plan 1,0,Room_Type 1,2018,4,3,77.77
INN00526,1,0,0,3,Meal Plan 1,0,Room_Type 1,2018,6,14,120.0
INN00527,2,0,0,1,Not Selected,0,Room_Type 1,2018,6,10,116.1
INN00528,3,0,0,1,Meal Plan 2,0,Room_Type 4,2018,7,23,189.0
INN00529,2,0,2,1,Meal Plan 1,0,Room_Type 4,2018,6,26,152.67
INN00530,2,0,2,3,Meal Plan 1,0,Room_Type 1,2018,2,4,66.31
INN00531,1,0,0,1,Meal Plan 1,0,Room_Type 1,2017,9,10,95.0
INN00532,2,1,0,3,Meal Plan 1,0,Room_Type 1,2018,12,8,122.0
INN00533,2,0,0,3,Meal Plan 1,0,Room_Type 1,2017,12,17,58.0
INN00534,2,0,1,3,Meal Plan 1,0,Room_Type 1,2018,12,5,89.89
INN00535,2,0,0,2,Meal Plan 1,0,Room_Type 4,2018,6,21,156.0
INN00536,2,0,1,3,Meal Plan 1,0,Room_Type 4,2018,3,24,99.45
INN00537,2,1,0,2,Meal Plan 1,0,Room_Type 6,2018,8,31,172.8
INN00538,2,0,1,3,Not Selected,0,Room_Type 1,2018,8,22,98.56
INN00539,1,0,0,1,Meal Plan 1,0,Room_Type 1,2018,3,10,71.1
INN00540,1,0,6,15,Meal Plan 1,0,Room_Type 4,2018,3,30,128.06
INN00541,1,0,0,1,Meal Plan 1,0,Room_Type 1,2018,11,19,0.0
INN00542,2,1,0,1,Meal Plan 1,0,Room_Type 1,2018,4,7,106.0
INN00543,2,0,0,4,Meal Plan 1,0,Room_Type 4,2018,9,27,130.61
INN00544,2,0,2,3,Not Selected,0,Room_Type 1,2018,6,17,105.74
INN00545,2,0,0,2,Meal Plan 1,0,Room_Type 4,2018,6,10,136.0
INN00546,2,0,0,1,Meal Plan 1,0,Room_Type 1,2018,6,8,120.0
INN00547,2,0,2,2,Not Selected,0,Room_Type 1,2018,12,2,74.8
INN00548,2,0,0,2,Meal Plan 2,0,Room_Type 1,2018,6,15,112.0
INN00549,2,1,1,0,Meal Plan 1,0,Room_Type 1,2018,8,21,121.5
INN00550,2,0,0,4,Meal Plan 1,0,Room_Type 1,2017,10,7,70.0
INN00551,1,0,0,1,Meal Plan 1,0,Room_Type 1,2018,11,29,75.0
INN00552,2,0,0,1,Meal Plan 1,0,Room_Type 1,2018,1,2,54.0
INN00553,2,0,1,2,Meal Plan 1,0,Room_Type 1,2018,3,25,100.0
INN00554,1,0,0,1,Meal Plan 1,0,Room_Type 4,2018,4,23,0.0
INN00555,1,2,4,9,Meal Plan 1,0,Room_Type 6,2018,11,2,186.22
INN00556,2,0,2,0,Not Selected,0,Room_Type 1,2018,11,13,79.2
INN00557,2,0,1,1,Meal Plan 1,0,Room_Type 1,2018,3,19,103.0
INN00558,2,0,2,2,Meal Plan 1,0,Room_Type 1,2017,9,25,185.0
INN00559,2,0,0,2,Meal Plan 1,0,Room_Type 1,2017,10,20,135.0
INN00560,2,0,2,0,Meal Plan 2,0,Room_Type 1,2018,10,23,115.0
INN00561,2,0,0,2,Meal Plan 2,0,Room_Type 1,2017,7,17,109.0
INN00562,2,0,0,1,Meal Plan 1,0,Room_Type 1,2018,11,26,104.0
INN00563,3,0,2,5,Meal Plan 1,0,Room_Type 4,2018,8,3,130.05
INN00564,2,0,1,3,Meal Plan 1,0,Room_Type 1,2018,9,5,100.3
INN00565,1,0,0,2,Meal Plan 1,0,Room_Type 1,2018,6,15,130.0
INN00566,2,0,0,2,Meal Plan 2,0,Room_Type 1,2017,10,16,109.0
INN00567,2,0,2,2,Meal Plan 1,0,Room_Type 4,2018,10,7,139.5
INN00568,1,0,0,1,Meal Plan 1,0,Room_Type 1,2018,2,3,66.0
INN00569,2,0,2,2,Meal Plan 1,0,Room_Type 1,2018,9,3,106.88
INN00570,2,0,2,2,Meal Plan 1,0,Room_Type 4,2018,9,16,149.4
INN00571,1,0,0,2,Meal Plan 1,0,Room_Type 1,2018,4,26,109.35
INN00572,2,0,0,3,Meal Plan 1,0,Room_Type 1,2018,11,3,89.0
INN00573,1,0,2,1,Meal Plan 1,0,Room_Type 1,2018,4,9,115.0
INN00574,1,0,0,1,Meal Plan 1,0,Room_Type 1,2018,3,16,85.5
INN00575,2,0,0,2,Meal Plan 1,0,Room_Type 4,2018,4,20,90.95
INN00576,2,0,2,1,Meal Plan 1,0,Room_Type 4,2018,7,30,117.55
INN00577,2,0,0,1,Not Selected,0,Room_Type 1,2018,10,19,108.0
INN00578,2,0,0,3,Meal Plan 1,0,Room_Type 4,2018,10,11,139.5
INN00579,2,0,0,3,Meal Plan 1,0,Room_Type 5,2018,9,13,129.88
INN00580,2,0,1,4,Meal Plan 1,0,Room_Type 1,2017,12,30,67.0
INN00581,2,0,1,1,Not Selected,0,Room_Type 1,2018,10,3,129.0
INN00582,2,0,2,5,Meal Plan 1,0,Room_Type 1,2018,6,25,79.53
INN00583,2,0,1,3,Meal Plan 1,0,Room_Type 1,2018,8,22,72.25
INN00584,1,0,0,2,Meal Plan 2,0,Room_Type 1,2017,7,1,80.0
INN00585,2,0,2,5,Meal Plan 1,0,Room_Type 1,2018,6,11,119.85
INN00586,1,0,1,2,Meal Plan 1,0,Room_Type 1,2017,11,2,117.0
INN00587,2,0,2,2,Meal Plan 2,0,Room_Type 4,2017,9,6,29.0
INN00588,2,0,2,2,Meal Plan 1,1,Room_Type 1,2018,9,2,118.8
INN00589,2,0,0,2,Meal Plan 1,0,Room_Type 1,2018,12,30,192.03
INN00590,3,0,0,1,Meal Plan 1,0,Room_Type 1,2018,5,21,168.3
INN00591,2,0,0,1,Not Selected,0,Room_Type 1,2018,5,12,72.76
INN00592,2,0,0,3,Meal Plan 1,0,Room_Type 1,2018,12,8,68.0
INN00593,2,0,0,4,Meal Plan 1,0,Room_Type 1,2018,1,6,89.0
INN00594,2,0,2,5,Meal Plan 1,0,Room_Type 4,2018,8,28,124.46
INN00595,1,0,2,1,Meal Plan 1,0,Room_Type 1,2018,3,13,70.33
INN00596,3,0,1,4,Meal Plan 1,0,Room_Type 4,2018,6,15,170.1
INN00597,2,0,0,2,Meal Plan 1,0,Room_Type 1,2018,6,17,75.0
INN00598,2,0,0,3,Meal Plan 1,0,Room_Type 4,2018,6,29,125.25
INN00599,2,0,3,7,Meal Plan 1,0,Room_Type 1,2017,7,27,55.9
INN00600,2,0,1,2,Meal Plan 1,0,Room_Type 1,2018,6,20,126.9
INN00601,2,0,0,2,Not Selected,0,Room_Type 1,2018,2,26,79.0
INN00602,2,0,2,3,Meal Plan 1,0,Room_Type 1,2018,10,23,94.35
INN00603,2,0,0,2,Meal Plan 2,0,Room_Type 1,2018,6,24,109.0
INN00604,2,0,2,3,Meal Plan 1,0,Room_Type 4,2018,4,15,112.2
INN00605,1,0,0,1,Meal Plan 1,0,Room_Type 1,2017,10,1,109.0
INN00606,1,0,0,2,Meal Plan 1,0,Room_Type 1,2018,9,14,65.0
INN00607,2,0,1,3,Meal Plan 1,0,Room_Type 1,2018,4,28,90.0
INN00608,2,0,0,3,Meal Plan 1,0,Room_Type 1,2018,7,14,85.0
INN00609,2,0,0,4,Meal Plan 1,0,Room_Type 1,2018,12,28,168.73
INN00610,2,0,1,3,Meal Plan 1,0,Room_Type 1,2018,12,8,100.38
INN00611,2,0,2,5,Meal Plan 1,0,Room_Type 1,2018,7,27,99.45
INN00612,2,0,0,1,Meal Plan 1,0,Room_Type 1,2018,9,27,160.0
INN00613,2,0,2,1,Meal Plan 1,0,Room_Type 1,2018,10,2,126.0
INN00614,3,0,1,2,Meal Plan 1,0,Room_Type 1,2018,8,1,96.9
INN00615,2,2,2,4,Meal Plan 1,0,Room_Type 2,2017,10,17,95.0
INN00616,2,0,2,1,Meal Plan 1,0,Room_Type 1,2017,9,5,94.5
INN00617,1,0,1,1,Meal Plan 1,0,Room_Type 1,2017,9,7,98.8
INN00618,2,0,2,1,Not Selected,0,Room_Type 1,2018,7,10,100.5
INN00619,2,0,1,0,Meal Plan 2,0,Room_Type 7,2018,6,19,0.0
INN00620,2,0,2,1,Meal Plan 1,0,Room_Type 1,2018,5,29,80.75
INN00621,2,0,0,1,Meal Plan 2,0,Room_Type 1,2018,4,6,104.0
INN00622,2,0,1,2,Meal Plan 1,0,Room_Type 1,2018,4,29,89.75
INN00623,2,2,0,2,Meal Plan 1,0,Room_Type 6,2017,8,25,156.0
INN00624,2,0,1,1,Meal Plan 1,0,Room_Type 4,2018,6,11,136.0
INN00625,2,0,0,2,Meal Plan 1,0,Room_Type 1,2018,12,2,85.0
INN00626,2,0,0,4,Meal Plan 1,0,Room_Type 4,2017,10,14,87.54
INN00627,2,0,0,2,Meal Plan 1,0,Room_Type 1,2017,9,9,100.0
INN00628,2,0,2,2,Meal Plan 1,0,Room_Type 1,2018,10,1,108.9
INN00629,2,0,0,3,Not Selected,0,Room_Type 1,2018,6,14,107.1
INN00630,2,0,1,2,Meal Plan 1,0,Room_Type 1,2018,4,4,80.0
INN00631,2,0,0,3,Meal Plan 1,0,Room_Type 1,2018,5,5,90.0
INN00632,2,0,0,2,Meal Plan 1,0,Room_Type 1,2018,5,12,105.3
INN00633,2,0,0,1,Not Selected,0,Room_Type 1,2018,2,11,80.0
INN00634,2,0,0,2,Meal Plan 1,1,Room_Type 4,2018,8,25,142.2
INN00635,2,0,0,3,Meal Plan 1,0,Room_Type 4,2018,4,5,131.4
INN00636,1,0,0,2,Meal Plan 1,0,Room_Type 1,2018,6,24,95.0
INN00637,2,0,0,2,Meal Plan 1,0,Room_Type 1,2018,4,1,111.0
INN00638,2,0,1,3,Meal Plan 1,0,Room_Type 1,2018,10,6,85.0
INN00639,3,0,0,4,Meal Plan 1,0,Room_Type 4,2018,8,24,130.95
INN00640,2,0,0,2,Meal Plan 2,0,Room_Type 1,2017,9,18,101.5
INN00641,1,0,2,1,Meal Plan 1,0,Room_Type 1,2018,2,28,82.0
INN00642,2,0,2,2,Meal Plan 1,1,Room_Type 1,2017,9,13,94.5
INN00643,2,0,2,1,Meal Plan 1,0,Room_Type 1,2018,8,28,109.8
INN00644,2,0,2,4,Meal Plan 1,0,Room_Type 1,2018,7,10,72.25
INN00645,2,0,2,2,Not Selected,0,Room_Type 1,2018,2,6,55.72
INN00646,3,0,1,1,Meal Plan 1,0,Room_Type 4,2018,10,17,158.4
INN00647,2,0,1,4,Meal Plan 1,0,Room_Type 4,2018,3,30,69.0
INN00648,2,0,0,3,Meal Plan 1,0,Room_Type 1,2018,10,13,105.0
INN00649,2,0,0,3,Meal Plan 1,0,Room_Type 4,2018,12,29,219.6
INN00650,1,0,2,3,Meal Plan 1,0,Room_Type 1,2018,1,8,44.8
INN00651,2,0,0,1,Not Selected,0,Room_Type 1,2018,10,26,120.0
INN00652,2,0,1,2,Meal Plan 1,0,Room_Type 1,2018,3,25,100.0
INN00653,2,0,0,1,Not Selected,0,Room_Type 1,2018,6,7,109.0
INN00654,0,2,1,2,Meal Plan 1,0,Room_Type 2,2018,8,19,115.68
INN00655,2,0,1,2,Meal Plan 1,0,Room_Type 1,2018,9,16,75.0
INN00656,2,0,0,2,Meal Plan 2,0,Room_Type 5,2018,6,17,134.1
INN00657,2,0,2,1,Meal Plan 1,0,Room_Type 4,2018,5,29,124.1
INN00658,4,0,0,2,Meal Plan 1,0,Room_Type 7,2018,8,17,214.75
INN00659,2,0,1,2,Meal Plan 1,0,Room_Type 1,2018,10,31,75.0
INN00660,2,0,1,2,Meal Plan 1,0,Room_Type 1,2017,11,23,72.25
INN00661,1,0,1,0,Meal Plan 1,0,Room_Type 1,2018,3,7,80.0
INN00662,2,0,0,1,Meal Plan 1,0,Room_Type 1,2018,9,20,139.0
INN00663,1,0,0,1,Meal Plan 1,0,Room_Type 1,2018,1,28,66.0
INN00664,1,0,0,3,Meal Plan 1,0,Room_Type 1,2018,5,31,115.5
INN00665,2,1,1,1,Meal Plan 1,1,Room_Type 1,2018,8,8,195.5
INN00666,2,0,2,0,Meal Plan 2,0,Room_Type 1,2018,10,23,115.0
INN00667,1,0,0,1,Meal Plan 2,0,Room_Type 1,2017,9,18,84.0
INN00668,2,0,2,1,Not Selected,0,Room_Type 1,2018,10,16,107.8
INN00669,2,0,0,3,Meal Plan 1,0,Room_Type 1,2018,10,13,105.0
INN00670,2,0,2,3,Meal Plan 1,0,Room_Type 1,2018,4,8,78.0
INN00671,1,0,0,2,Meal Plan 2,0,Room_Type 1,2018,6,24,90.0
INN00672,2,0,1,1,Not Selected,0,Room_Type 1,2018,7,9,105.3
INN00673,2,0,0,3,Meal Plan 1,0,Room_Type 1,2018,2,25,80.3
INN00674,1,0,1,0,Meal Plan 2,0,Room_Type 1,2018,2,8,129.0
INN00675,2,0,0,2,Meal Plan 2,0,Room_Type 1,2018,6,24,115.0
INN00676,2,0,2,0,Not Selected,0,Room_Type 1,2018,9,11,125.1
INN00677,2,0,0,1,Meal Plan 1,0,Room_Type 1,2018,2,27,103.0
INN00678,2,0,2,0,Not Selected,1,Room_Type 1,2018,5,1,125.1
INN00679,1,0,2,5,Not Selected,0,Room_Type 1,2018,6,17,96.17
INN00680,2,0,2,2,Meal Plan 1,0,Room_Type 1,2017,9,25,185.0
INN00681,2,0,2,0,Not Selected,0,Room_Type 1,2018,6,12,69.74
INN00682,2,2,2,3,Meal Plan 1,0,Room_Type 6,2018,7,9,172.55
INN00683,1,0,0,3,Meal Plan 1,1,Room_Type 1,2018,1,28,95.0
INN00684,2,1,1,2,Meal Plan 2,0,Room_Type 1,2018,9,9,166.35
INN00685,2,0,0,1,Not Selected,1,Room_Type 1,2018,11,18,108.0
INN00686,2,0,1,3,Meal Plan 1,0,Room_Type 4,2018,3,21,102.0
INN00687,2,0,1,2,Meal Plan 1,0,Room_Type 7,2018,5,13,203.73
INN00688,2,0,2,5,Not Selected,0,Room_Type 1,2018,11,17,78.69
INN00689,2,0,0,3,Not Selected,0,Room_Type 1,2018,11,3,79.2
INN00690,1,0,0,2,Meal Plan 1,0,Room_Type 1,2018,3,16,76.5
INN00691,2,0,0,2,Meal Plan 1,0,Room_Type 1,2018,6,3,100.0
INN00692,2,0,0,4,Meal Plan 1,0,Room_Type 1,2018,12,14,88.4
INN00693,1,0,2,4,Meal Plan 1,0,Room_Type 1,2018,7,6,110.0
INN00694,2,0,1,2,Meal Plan 1,0,Room_Type 4,2018,10,28,109.8
INN00695,2,0,2,1,Meal Plan 1,0,Room_Type 1,2018,12,3,78.3
INN00696,2,0,0,2,Meal Plan 2,0,Room_Type 1,2017,7,1,101.5
INN00697,2,0,2,4,Not Selected,0,Room_Type 1,2018,7,28,80.75
INN00698,2,0,2,2,Meal Plan 1,0,Room_Type 1,2018,12,25,104.0
INN00699,2,0,0,3,Not Selected,0,Room_Type 1,2018,3,15,51.19
INN00700,2,1,0,1,Meal Plan 1,0,Room_Type 1,2018,11,5,150.0
INN00701,2,0,1,2,Meal Plan 1,0,Room_Type 4,2018,8,12,127.8
INN00702,2,0,0,1,Not Selected,0,Room_Type 4,2017,9,17,115.0
INN00703,2,0,0,1,Meal Plan 1,0,Room_Type 4,2018,5,5,156.0
INN00704,3,0,2,2,Meal Plan 1,0,Room_Type 4,2018,12,23,130.9
INN00705,2,0,0,3,Not Selected,0,Room_Type 1,2018,10,4,116.1
INN00706,2,0,2,0,Not Selected,0,Room_Type 1,2018,9,11,71.69
INN00707,1,1,2,3,Meal Plan 2,0,Room_Type 1,2018,4,24,98.5
INN00708,2,0,0,3,Not Selected,0,Room_Type 1,2018,7,13,94.5
INN00709,1,0,0,2,Meal Plan 1,0,Room_Type 1,2018,6,15,130.0
INN00710,2,0,2,1,Meal Plan 1,0,Room_Type 1,2017,7,11,76.5
INN00711,2,0,0,4,Meal Plan 1,0,Room_Type 1,2018,8,31,90.95
INN00712,2,0,1,3,Meal Plan 1,0,Room_Type 1,2017,10,8,72.75
INN00713,2,0,0,1,Meal Plan 1,0,Room_Type 1,2018,11,16,93.0
INN00714,2,0,0,2,Meal Plan 1,0,Room_Type 4,2018,9,16,168.3
INN00715,2,0,0,3,Meal Plan 1,0,Room_Type 1,2018,10,12,75.0
INN00716,2,0,1,0,Meal Plan 1,0,Room_Type 1,2017,8,9,105.0
INN00717,2,0,2,0,Not Selected,1,Room_Type 1,2018,2,14,78.5
INN00718,2,0,2,5,Meal Plan 1,0,Room_Type 1,2018,7,2,119.7
INN00719,3,0,0,3,Meal Plan 1,0,Room_Type 4,2018,9,7,168.3
INN00720,3,0,0,1,Meal Plan 1,0,Room_Type 4,2018,5,27,197.0
INN00721,2,0,2,0,Meal Plan 1,0,Room_Type 1,2017,10,4,91.0
INN00722,2,0,2,3,Meal Plan 1,0,Room_Type 1,2018,2,13,85.0
INN00723,2,0,2,2,Not Selected,0,Room_Type 1,2018,2,5,81.0
INN00724,2,0,0,2,Meal Plan 2,0,Room_Type 1,2017,9,4,116.0
INN00725,2,0,0,2,Meal Plan 2,0,Room_Type 1,2018,8,18,115.0
INN00726,2,1,1,3,Meal Plan 1,0,Room_Type 4,2018,2,15,106.0
INN00727,2,0,2,1,Meal Plan 1,0,Room_Type 4,2018,4,16,118.8
INN00728,2,0,0,3,Meal Plan 1,0,Room_Type 4,2018,10,20,132.3
INN00729,2,0,1,0,Meal Plan 1,1,Room_Type 4,2018,8,21,146.7
INN00730,2,0,0,3,Meal Plan 1,0,Room_Type 4,2018,3,2,86.8
INN00731,2,0,0,4,Meal Plan 2,0,Room_Type 1,2018,11,1,98.0
INN00732,2,0,1,1,Meal Plan 1,0,Room_Type 1,2018,5,2,100.0
INN00733,2,2,4,10,Meal Plan 1,0,Room_Type 6,2018,8,14,158.95
INN00734,2,0,2,2,Meal Plan 1,0,Room_Type 4,2018,9,18,119.52
INN00735,2,0,0,3,Meal Plan 2,0,Room_Type 1,2018,5,3,117.0
INN00736,2,0,0,3,Meal Plan 1,0,Room_Type 4,2018,4,27,140.67
INN00737,2,0,2,3,Meal Plan 1,0,Room_Type 1,2017,10,15,94.95
INN00738,2,0,2,5,Not Selected,0,Room_Type 1,2018,5,11,109.65
INN00739,2,0,1,2,Not Selected,0,Room_Type 1,2018,12,30,120.0
INN00740,2,0,1,2,Meal Plan 1,0,Room_Type 1,2018,3,18,67.22
INN00741,1,0,0,3,Meal Plan 1,0,Room_Type 2,2018,3,16,62.0
INN00742,2,0,0,1,Not Selected,0,Room_Type 1,2018,3,4,91.0
INN00743,2,0,2,4,Meal Plan 1,0,Room_Type 1,2018,3,17,68.0
INN00744,2,0,0,3,Meal Plan 1,0,Room_Type 1,2018,11,3,89.0
INN00745,2,0,2,1,Meal Plan 2,0,Room_Type 1,2017,8,8,94.5
INN00746,3,0,1,2,Meal Plan 1,0,Room_Type 4,2018,8,15,187.0
INN00747,3,0,0,4,Meal Plan 2,0,Room_Type 1,2018,12,21,122.65
INN00748,1,0,0,1,Meal Plan 1,0,Room_Type 1,2018,2,25,68.0
INN00749,3,0,1,1,Meal Plan 1,0,Room_Type 4,2018,3,19,131.4
INN00750,2,0,2,3,Meal Plan 2,0,Room_Type 1,2018,4,15,149.4
INN00751,1,0,0,2,Meal Plan 1,0,Room_Type 1,2018,5,24,100.0
INN00752,2,0,1,1,Meal Plan 2,0,Room_Type 1,2018,6,6,115.0
INN00753,2,0,0,3,Meal Plan 1,0,Room_Type 1,2018,10,20,160.0
INN00754,2,1,2,1,Meal Plan 1,0,Room_Type 1,2018,4,16,127.67
INN00755,2,0,0,3,Not Selected,0,Room_Type 1,2018,12,7,79.2
INN00756,2,0,0,2,Meal Plan 1,0,Room_Type 1,2017,12,1,69.0
INN00757,2,0,0,4,Meal Plan 2,0,Room_Type 1,2018,9,21,117.0
INN00758,2,0,1,1,Meal Plan 1,0,Room_Type 1,2017,10,10,70.0
INN00759,3,0,0,3,Meal Plan 1,0,Room_Type 4,2018,3,8,114.3
INN00760,1,0,0,3,Meal Plan 1,0,Room_Type 1,2018,11,1,110.0
INN00761,1,2,0,3,Meal Plan 1,0,Room_Type 6,2018,9,1,181.8
INN00762,2,0,2,2,Not Selected,0,Room_Type 1,2018,4,1,75.65
INN00763,2,0,2,3,Meal Plan 1,0,Room_Type 1,2018,4,17,77.23
INN00764,2,0,2,1,Meal Plan 1,0,Room_Type 1,2018,1,3,65.0
INN00765,2,0,0,2,Meal Plan 2,0,Room_Type 1,2018,7,21,115.0
